地块名称,地块周长,地块面积,POI总数,建筑总数,包含建筑ID
地块Block_0,6410.579854983159,8212.031097255393,0,0,[]
地块Block_1,3680.433429497481,4712.374533003218,0,0,[]
