站点名称,经纬度,出入口个数（osm内可获取的）,五分钟步行等时圈面积(m²),五分钟步行等时圈周长(m),十分钟步行等时圈面积(m²),十分钟步行等时圈周长(m),五分钟等时圈,十分钟等时圈
元通,"(31.9975239, 118.7161581)",7,2350917.805259477,5989.165485009284,9530433.141466744,11665.587546591634,True,True
