站点名称,经纬度,出入口个数（osm内可获取的）,五分钟步行等时圈面积(m²),五分钟步行等时圈周长(m),十分钟步行等时圈面积(m²),十分钟步行等时圈周长(m),五分钟等时圈,十分钟等时圈
龙江,"(32.0601141, 118.7343709)",4,2589027.3681550743,6079.367449803351,8854543.442291431,10987.21406331447,True,True
