站点名称,经纬度,出入口个数（osm内可获取的）,五分钟步行等时圈面积(m²),五分钟步行等时圈周长(m),十分钟步行等时圈面积(m²),十分钟步行等时圈周长(m),五分钟等时圈,十分钟等时圈
珠江路,"(32.0530398, 118.7790309)",3,2526607.3057621075,5909.658651950172,9197374.479444826,11187.451526696836,True,True
