站点名称,经纬度,出入口个数（osm内可获取的）,五分钟步行等时圈面积(m²),五分钟步行等时圈周长(m),十分钟步行等时圈面积(m²),十分钟步行等时圈周长(m),五分钟等时圈,十分钟等时圈
迈皋桥,"(32.1049091, 118.8044693)",5,1518461.88339787,4748.230348948083,8473431.647129372,10996.969761449449,True,True
