站点名称,经纬度,出入口个数（osm内可获取的）,五分钟步行等时圈面积(m²),五分钟步行等时圈周长(m),十分钟步行等时圈面积(m²),十分钟步行等时圈周长(m),五分钟等时圈,十分钟等时圈
中国药科大学,"(31.89994375518203, 118.9091053767238)",2,1387100.4983925964,4577.4979503932755,6768881.915817679,9817.742140528298,True,True
