站点名称,经纬度,出入口个数（osm内可获取的）,五分钟步行等时圈面积(m²),五分钟步行等时圈周长(m),十分钟步行等时圈面积(m²),十分钟步行等时圈周长(m),五分钟等时圈,十分钟等时圈
兰花塘,"(31.9603872, 118.5697939)",2,1649526.3162853045,4912.776642987034,5426111.3435825575,9039.452260363612,True,True
