站点名称,经纬度,出入口个数（osm内可获取的）,五分钟步行等时圈面积(m²),五分钟步行等时圈周长(m),十分钟步行等时圈面积(m²),十分钟步行等时圈周长(m),五分钟等时圈,十分钟等时圈
团结圩,"(31.3979764, 118.8828242)",2,466849.9156140385,3096.328183379466,1777315.3364325264,5916.416947346446,True,True
