站点名称,经纬度,出入口个数（osm内可获取的）,五分钟步行等时圈面积(m²),五分钟步行等时圈周长(m),十分钟步行等时圈面积(m²),十分钟步行等时圈周长(m),五分钟等时圈,十分钟等时圈
天印大道,"(31.93989048683187, 118.8585478144039)",2,2151834.5812920327,5458.679948880241,8231038.801032645,10697.109117367047,True,True
