站点名称,经纬度,出入口个数（osm内可获取的）,五分钟步行等时圈面积(m²),五分钟步行等时圈周长(m),十分钟步行等时圈面积(m²),十分钟步行等时圈周长(m),五分钟等时圈,十分钟等时圈
双龙大道,"(31.9657728, 118.8120023)",3,1651999.1136764372,5150.2824356273695,7969249.977011739,10743.470436915653,True,True
