站点名称,经纬度,出入口个数（osm内可获取的）,五分钟步行等时圈面积(m²),五分钟步行等时圈周长(m),十分钟步行等时圈面积(m²),十分钟步行等时圈周长(m),五分钟等时圈,十分钟等时圈
武定门,"(32.0156328, 118.7892959)",2,2430162.546594898,6175.4413446373455,8994102.634794999,11090.647780418021,True,True
