站点名称,经纬度,出入口个数（osm内可获取的）,五分钟步行等时圈面积(m²),五分钟步行等时圈周长(m),十分钟步行等时圈面积(m²),十分钟步行等时圈周长(m),五分钟等时圈,十分钟等时圈
天元西路,"(31.9295801, 118.8035437)",3,2145281.9055722975,6048.7043061152735,9609284.054994134,11961.67043661081,True,True
