站点名称,经纬度,出入口个数（osm内可获取的）,五分钟步行等时圈面积(m²),五分钟步行等时圈周长(m),十分钟步行等时圈面积(m²),十分钟步行等时圈周长(m),五分钟等时圈,十分钟等时圈
南京,"(32.0891245, 118.7922396)",12,1507562.068972049,5797.899765367921,7171751.888997002,11158.882067102462,True,True
