站点名称,经纬度,出入口个数（osm内可获取的）,五分钟步行等时圈面积(m²),五分钟步行等时圈周长(m),十分钟步行等时圈面积(m²),十分钟步行等时圈周长(m),五分钟等时圈,十分钟等时圈
中山湖,"(31.6487301, 119.0398941)",2,1153970.6980911917,4407.068378753556,7302780.42839754,10258.994674993384,True,True
