站点名称,经纬度,出入口个数（osm内可获取的）,五分钟步行等时圈面积(m²),五分钟步行等时圈周长(m),十分钟步行等时圈面积(m²),十分钟步行等时圈周长(m),五分钟等时圈,十分钟等时圈
泰冯路,"(32.1560918, 118.7139967)",7,1296704.0319824037,4381.927651022552,8063062.042762267,10479.504147670737,True,True
