站点名称,经纬度,出入口个数（osm内可获取的）,五分钟步行等时圈面积(m²),五分钟步行等时圈周长(m),十分钟步行等时圈面积(m²),十分钟步行等时圈周长(m),五分钟等时圈,十分钟等时圈
诚信大道,"(31.9101875, 118.8247793)",5,2015761.8278137827,5890.638587476895,9462331.924091658,11723.837992310771,True,True
