地块名称,地块周长,地块面积,POI总数,建筑总数,包含建筑ID
地块Block_0,7566.240347913543,9454.414404310342,0,0,[]
