站点名称,经纬度,出入口个数（osm内可获取的）,五分钟步行等时圈面积(m²),五分钟步行等时圈周长(m),十分钟步行等时圈面积(m²),十分钟步行等时圈周长(m),五分钟等时圈,十分钟等时圈
胜太西路,"(31.9456746, 118.8022139)",4,1866070.9029831414,5455.458089477632,9044000.921396675,11393.91156779786,True,True
