站点名称,经纬度,出入口个数（osm内可获取的）,五分钟步行等时圈面积(m²),五分钟步行等时圈周长(m),十分钟步行等时圈面积(m²),十分钟步行等时圈周长(m),五分钟等时圈,十分钟等时圈
王家湾,"(32.0875442, 118.8331103)",2,1546234.6024312617,5322.832821929421,6368032.286809836,9545.023083607743,True,True
