站点名称,经纬度,出入口个数（osm内可获取的）,五分钟步行等时圈面积(m²),五分钟步行等时圈周长(m),十分钟步行等时圈面积(m²),十分钟步行等时圈周长(m),五分钟等时圈,十分钟等时圈
九龙湖,"(31.9179211, 118.8157324)",3,1052239.5000663085,4250.914620939623,7522001.456771746,10653.024064522922,True,True
