站点名称,经纬度,出入口个数（osm内可获取的）,五分钟步行等时圈面积(m²),五分钟步行等时圈周长(m),十分钟步行等时圈面积(m²),十分钟步行等时圈周长(m),五分钟等时圈,十分钟等时圈
宏运大道,"(31.9611195, 118.7988447)",2,1156798.8225447906,4650.531471873004,7642665.80542575,10296.119852381882,True,True
