站点名称,经纬度,出入口个数（osm内可获取的）,五分钟步行等时圈面积(m²),五分钟步行等时圈周长(m),十分钟步行等时圈面积(m²),十分钟步行等时圈周长(m),五分钟等时圈,十分钟等时圈
软件大道,"(31.9788199, 118.7693962)",2,1397221.431613322,4555.196370130451,7943900.9964871975,10724.073100076323,True,True
