站点名称,经纬度,出入口个数（osm内可获取的）,五分钟步行等时圈面积(m²),五分钟步行等时圈周长(m),十分钟步行等时圈面积(m²),十分钟步行等时圈周长(m),五分钟等时圈,十分钟等时圈
沈桥,"(32.4022172, 118.8868502)",2,398007.0450302774,3053.6696293211266,806225.3300107204,3608.541837681663,True,True
