站点名称,经纬度,出入口个数（osm内可获取的）,五分钟步行等时圈面积(m²),五分钟步行等时圈周长(m),十分钟步行等时圈面积(m²),十分钟步行等时圈周长(m),五分钟等时圈,十分钟等时圈
下马坊,"(32.0398762, 118.8433757)",4,2129062.200849182,5535.048462902033,8622156.46663797,10988.406848947134,True,True
