地块名称,地块周长,地块面积,POI总数,建筑总数,包含建筑ID
地块Block_0,12767.537011655002,16155.375585004715,0,0,[]
地块Block_1,117.7956580357784,827.0956988635972,0,0,[]
