站点名称,经纬度,出入口个数（osm内可获取的）,五分钟步行等时圈面积(m²),五分钟步行等时圈周长(m),十分钟步行等时圈面积(m²),十分钟步行等时圈周长(m),五分钟等时圈,十分钟等时圈
西岗桦墅,"(32.1010647, 118.9912473)",2,299286.68168474134,2505.5681487610086,1809398.7509863786,5681.942914053886,True,True
