站点名称,经纬度,出入口个数（osm内可获取的）,五分钟步行等时圈面积(m²),五分钟步行等时圈周长(m),十分钟步行等时圈面积(m²),十分钟步行等时圈周长(m),五分钟等时圈,十分钟等时圈
九华山,"(32.0594559, 118.8007151)",2,1313264.8452440365,4750.905564990073,7181272.185950312,9982.917347565075,True,True
