站点名称,经纬度,出入口个数（osm内可获取的）,五分钟步行等时圈面积(m²),五分钟步行等时圈周长(m),十分钟步行等时圈面积(m²),十分钟步行等时圈周长(m),五分钟等时圈,十分钟等时圈
百水桥,"(32.0554877, 118.9096918)",2,2088231.2196038857,5765.4146390310325,9524022.196359538,11586.371736947613,True,True
