站点名称,经纬度,出入口个数（osm内可获取的）,五分钟步行等时圈面积(m²),五分钟步行等时圈周长(m),十分钟步行等时圈面积(m²),十分钟步行等时圈周长(m),五分钟等时圈,十分钟等时圈
大明路,"(31.9880821, 118.7949269)",2,1790178.196217202,5367.054502739039,9964332.625401141,11895.969121710126,True,True
