站点名称,经纬度,出入口个数（osm内可获取的）,五分钟步行等时圈面积(m²),五分钟步行等时圈周长(m),十分钟步行等时圈面积(m²),十分钟步行等时圈周长(m),五分钟等时圈,十分钟等时圈
花神庙,"(31.9798803, 118.7805078)",2,1356209.341002211,4852.234583448735,8059433.921006556,10763.957595116994,True,True
