站点名称,经纬度,出入口个数（osm内可获取的）,五分钟步行等时圈面积(m²),五分钟步行等时圈周长(m),十分钟步行等时圈面积(m²),十分钟步行等时圈周长(m),五分钟等时圈,十分钟等时圈
鼓楼,"(32.0608993, 118.7779653)",7,2808087.850503675,6208.156390183504,10322725.677721076,11950.551004024677,True,True
