站点名称,经纬度,出入口个数（osm内可获取的）,五分钟步行等时圈面积(m²),五分钟步行等时圈周长(m),十分钟步行等时圈面积(m²),十分钟步行等时圈周长(m),五分钟等时圈,十分钟等时圈
学则路,"(32.0936278, 118.9117845)",1,1203017.271037104,4443.990736092099,7505827.982486365,10170.52415019166,True,True
