站点名称,经纬度,出入口个数（osm内可获取的）,五分钟步行等时圈面积(m²),五分钟步行等时圈周长(m),十分钟步行等时圈面积(m²),十分钟步行等时圈周长(m),五分钟等时圈,十分钟等时圈
胜太路,"(31.9458618, 118.8161443)",4,2846834.1813616646,6545.645588356954,10013850.896755744,11896.570092830198,True,True
