站点名称,经纬度,出入口个数（osm内可获取的）,五分钟步行等时圈面积(m²),五分钟步行等时圈周长(m),十分钟步行等时圈面积(m²),十分钟步行等时圈周长(m),五分钟等时圈,十分钟等时圈
泰山新村,"(32.1464757, 118.7109849)",4,2139795.965892621,5586.6321777371595,9805318.675074937,11535.572201030851,True,True
