站点名称,经纬度,出入口个数（osm内可获取的）,五分钟步行等时圈面积(m²),五分钟步行等时圈周长(m),十分钟步行等时圈面积(m²),十分钟步行等时圈周长(m),五分钟等时圈,十分钟等时圈
兴隆大街,"(32.0173844, 118.7308601)",2,2431068.4630900337,6033.255609936318,9858349.758738136,11779.132179030381,True,True
