地块名称,地块周长,地块面积,POI总数,建筑总数,包含建筑ID
地块Block_0,7046.341370245967,8626.81733868495,0,0,[]
