站点名称,经纬度,出入口个数（osm内可获取的）,五分钟步行等时圈面积(m²),五分钟步行等时圈周长(m),十分钟步行等时圈面积(m²),十分钟步行等时圈周长(m),五分钟等时圈,十分钟等时圈
明觉,"(31.5485906, 118.8972273)",2,63355.05533238496,2173.593389286359,880376.4910656324,7928.512919642865,True,True
