站点名称,经纬度,出入口个数（osm内可获取的）,五分钟步行等时圈面积(m²),五分钟步行等时圈周长(m),十分钟步行等时圈面积(m²),十分钟步行等时圈周长(m),五分钟等时圈,十分钟等时圈
新街口,"(32.0438326, 118.7786931)",22,4140681.1124644745,8005.572689463762,13304485.631328756,13732.485731517541,True,True
