站点名称,经纬度,出入口个数（osm内可获取的）,五分钟步行等时圈面积(m²),五分钟步行等时圈周长(m),十分钟步行等时圈面积(m²),十分钟步行等时圈周长(m),五分钟等时圈,十分钟等时圈
石碛河,"(31.9401795, 118.5530281)",2,72229.13662686473,2285.0845024138453,1291282.2058752864,7828.631551546922,True,True
