站点名称,经纬度,出入口个数（osm内可获取的）,五分钟步行等时圈面积(m²),五分钟步行等时圈周长(m),十分钟步行等时圈面积(m²),十分钟步行等时圈周长(m),五分钟等时圈,十分钟等时圈
卡子门,"(31.9974236, 118.7902427)",3,1950417.3100238433,5584.312372947842,9310423.36919025,11362.52373236145,True,True
