地块名称,地块周长,地块面积,POI总数,建筑总数,包含建筑ID
地块Block_0,7821.400396356799,9911.424331620627,0,0,[]
地块Block_1,2234.3701996043137,337428.0566185664,0,0,[]
