站点名称,经纬度,出入口个数（osm内可获取的）,五分钟步行等时圈面积(m²),五分钟步行等时圈周长(m),十分钟步行等时圈面积(m²),十分钟步行等时圈周长(m),五分钟等时圈,十分钟等时圈
柳洲东路,"(32.1419357, 118.7410665)",3,1961489.0971489192,5258.843248209745,7871629.879208657,10539.994077237521,True,True
