站点名称,经纬度,出入口个数（osm内可获取的）,五分钟步行等时圈面积(m²),五分钟步行等时圈周长(m),十分钟步行等时圈面积(m²),十分钟步行等时圈周长(m),五分钟等时圈,十分钟等时圈
桥林新城,"(31.9320033, 118.5424269)",2,233970.25685115778,3895.3155499401996,362984.0732073407,7412.501074636318,True,True
