站点名称,经纬度,出入口个数（osm内可获取的）,五分钟步行等时圈面积(m²),五分钟步行等时圈周长(m),十分钟步行等时圈面积(m²),十分钟步行等时圈周长(m),五分钟等时圈,十分钟等时圈
葛塘,"(32.2466477, 118.7485212)",2,1397365.8404459995,4712.398101793443,6897095.259107428,9874.31149124512,True,True
