地块名称,地块周长,地块面积,POI总数,建筑总数,包含建筑ID
地块Block_0,1727.4377137157219,2173.192489568747,0,0,[]
地块Block_1,1727.629045680206,2175.1895290022167,0,0,[]
