站点名称,经纬度,出入口个数（osm内可获取的）,五分钟步行等时圈面积(m²),五分钟步行等时圈周长(m),十分钟步行等时圈面积(m²),十分钟步行等时圈周长(m),五分钟等时圈,十分钟等时圈
苜蓿园,"(32.0423793, 118.829969)",3,1782159.690086883,5266.062208964816,8915418.363059254,11133.481535798408,True,True
