站点名称,经纬度,出入口个数（osm内可获取的）,五分钟步行等时圈面积(m²),五分钟步行等时圈周长(m),十分钟步行等时圈面积(m²),十分钟步行等时圈周长(m),五分钟等时圈,十分钟等时圈
龙眠大道,"(31.94214336851851, 118.8721653769234)",2,1663538.8580171026,5144.881275506393,8446667.96179931,10679.76510046159,True,True
