站点名称,经纬度,出入口个数（osm内可获取的）,五分钟步行等时圈面积(m²),五分钟步行等时圈周长(m),十分钟步行等时圈面积(m²),十分钟步行等时圈周长(m),五分钟等时圈,十分钟等时圈
集庆门大街,"(32.0301623, 118.7343538)",6,2704286.8337734006,6582.138130270895,10356782.478961078,12159.485356673436,True,True
