站点名称,经纬度,出入口个数（osm内可获取的）,五分钟步行等时圈面积(m²),五分钟步行等时圈周长(m),十分钟步行等时圈面积(m²),十分钟步行等时圈周长(m),五分钟等时圈,十分钟等时圈
上元门,"(32.1175654, 118.7646919)",3,688521.4634612348,3543.6097035563266,5735184.904833792,9534.05974320335,True,True
