站点名称,经纬度,出入口个数（osm内可获取的）,五分钟步行等时圈面积(m²),五分钟步行等时圈周长(m),十分钟步行等时圈面积(m²),十分钟步行等时圈周长(m),五分钟等时圈,十分钟等时圈
龙池,"(32.3213301, 118.8153309)",3,1909910.9762631005,5662.358940768299,8122638.213069908,10668.34016881089,True,True
