站点名称,经纬度,出入口个数（osm内可获取的）,五分钟步行等时圈面积(m²),五分钟步行等时圈周长(m),十分钟步行等时圈面积(m²),十分钟步行等时圈周长(m),五分钟等时圈,十分钟等时圈
明发广场,"(31.9792479, 118.7954099)",4,1854712.0312645098,5378.585789459437,8201727.870373637,10849.038092856035,True,True
