站点名称,经纬度,出入口个数（osm内可获取的）,五分钟步行等时圈面积(m²),五分钟步行等时圈周长(m),十分钟步行等时圈面积(m²),十分钟步行等时圈周长(m),五分钟等时圈,十分钟等时圈
百家湖,"(31.9339985, 118.815732)",5,2029611.9226524918,5679.087651842002,8796730.613812383,11122.930137866377,True,True
