站点名称,经纬度,出入口个数（osm内可获取的）,五分钟步行等时圈面积(m²),五分钟步行等时圈周长(m),十分钟步行等时圈面积(m²),十分钟步行等时圈周长(m),五分钟等时圈,十分钟等时圈
林山,"(31.9209487, 118.5259866)",2,176396.6135589932,1765.8201047071589,802885.0429617993,6364.912944712162,True,True
