站点名称,经纬度,出入口个数（osm内可获取的）,五分钟步行等时圈面积(m²),五分钟步行等时圈周长(m),十分钟步行等时圈面积(m²),十分钟步行等时圈周长(m),五分钟等时圈,十分钟等时圈
孟北,"(32.0865768, 118.9821624)",4,261911.843852351,2601.811264041245,2318107.7400973644,6816.299035892771,True,True
